School_ID,Name_of_School,Elementary_Middle_High_School,CPS_Performance_Policy_Status,CPS_Performance_Policy_Level,Family_Involvement_Score,Parent_Engagement_Score,Average_Student_Attence,Rate_of_Misconducts,Average_Teacher_Attence,Students_Taking_Algebra,Students_Passing_Algebra,X9_Grade_Explore_2009,X9_Grade_Explore_2010,X10_Grade_Plan_2009,X10_Grade_Plan_2010,X11_Grade_Average_ACT_2011,Net_Change_EXPLORE_PLAN,Net_Change_PLAN_ACT,College_Eligibility,Graduation_Rate,College_Enrollment_Rate,College_Enrollment,Freshman_on_Track_Rate,Probation
609966,Charles G Hammond Elementary School,ES,Not on Probation,Level 2,,43,95.3,8.5,95.2,25,,,,,,,,,,,,446,,0
610539,Marvin Camras Elementary School,ES,Not on Probation,Not Enough Data,58,51,95.1,4.3,0,,,,,,,,,,,,,826,,0
609852,Eliza Chappell Elementary School,ES,Not on Probation,Level 1,65,50,95.1,2.9,96.7,27.5,63.6,,,,,,,,,,,451,,0
609835,Daniel R Cameron Elementary School,ES,Probation,Level 3,,46,92.6,153.9,96.2,,,,,,,,,,,,,828,,1
610521,Sir Miles Davis Magnet Elementary Academy,ES,Probation,Level 3,,,93,57.8,94.5,25.5,,,,,,,,,,,,354,,1
609818,Luther Burbank Elementary School,ES,Not on Probation,Level 2,,47,95.2,9.8,95.5,,,,,,,,,,,,,1139,,0
610298,Lenart Elementary Regional Gifted Center,ES,Not on Probation,Level 1,58,52,97.4,0.3,97.8,100,70,,,,,,,,,,,328,,0
610200,James N Thorp Elementary School,ES,Probation,Level 3,,,91.8,45.4,95.9,14,,,,,,,,,,,,449,,1
609680,Walter Payton College Preparatory High School,HS,Not on Probation,Level 1,,,93.4,0.7,96.1,,,21.2,21.8,23.1,23.2,27,2,3.9,96.4,96.9,82.4,881,90.7,0
610056,Roswell B Mason Elementary School,ES,Probation,Level 3,47,51,92.4,31,95,,,,,,,,,,,,,479,,1
609848,Ira F Aldridge Elementary School,ES,Probation,Level 3,,49,92.9,49,96.3,,,,,,,,,,,,,285,,1
610038,Abraham Lincoln Elementary School,ES,Not on Probation,Level 1,99,56,96,2,96.4,67.1,54.5,,,,,,,,,,,813,,0
610123,William Penn Elementary School,ES,Probation,Level 3,,52,91.8,5.7,95.2,,,,,,,,,,,,,423,,1
609863,Christopher Columbus Elementary School,ES,Not on Probation,Level 1,,54,95.5,2.4,96.9,,,,,,,,,,,,,309,,0
610226,Socorro Sandoval Elementary School,ES,Probation,Level 3,,44,95.8,3.7,96.5,,,,,,,,,,,,,1186,,1
609722,Manley Career Academy High School,HS,Probation,Level 3,39,,66.8,19.7,95.4,,,12.2,11.9,13.3,13,13.8,0.8,0.5,6.7,49,51.9,599,59.3,1
610308,Wilma Rudolph Elementary Learning Center,ES,Not Applicable,Not Enough Data,,57,80,0,95.6,,,,,,,,,,,,,100,,0
609749,Northside College Preparatory High School,HS,Not on Probation,Level 1,,57,95.7,2.8,96.8,,,22.4,22.2,24.5,24.7,28.8,2.3,4.3,98,97.6,90.7,1053,95.9,0
609958,Frank W Gunsaulus Elementary Scholastic Academy,ES,Not on Probation,Level 1,38,49,96.6,87.3,96,22.4,100,,,,,,,,,,,867,,0
610121,Washington Irving Elementary School,ES,Not on Probation,Level 2,,48,95.6,15.1,95.9,,,,,,,,,,,,,482,,0
610352,Durkin Park Elementary School,ES,Not on Probation,Level 1,74,53,95.4,0.7,95.8,,,,,,,,,,,,,543,,0
609856,Henry Clay Elementary School,ES,Not on Probation,Level 2,39,,95.2,6,96.1,,,,,,,,,,,,,633,,0
609919,John Fiske Elementary School,ES,Probation,Level 3,24,47,92.9,37.1,91.7,,,,,,,,,,,,,254,,1
609938,Joseph E Gary Elementary School,ES,Not on Probation,Level 2,27,45,96.1,16.8,96.2,,,,,,,,,,,,,1204,,0
610239,Richard J Daley Elementary Academy,ES,Not on Probation,Level 2,40,46,94.9,44.2,96,13.2,,,,,,,,,,,,797,,0
610523,Edison Park Elementary School,ES,Not on Probation,Level 1,,56,96.1,6.9,96.6,,,,,,,,,,,,,431,,0
610047,James Madison Elementary School,ES,Probation,Level 2,,,94.9,12.4,97.7,,,,,,,,,,,,,317,,1
610244,Michele Clark Academic Prep Magnet High School,HS,Probation,Level 3,,48,79.1,24.4,95.4,,,14,13.3,14.4,14.5,15.7,0.5,1.3,13,87.4,60.4,726,78.2,1
610013,Pilsen Elementary Community Academy,ES,Not on Probation,Level 1,40,,96,9.4,96.7,,,,,,,,,,,,,447,,0
610394,Uplift Community High School,HS,Not on Probation,Level 2,50,,88.7,8.1,95.9,,,13.6,13.9,14.9,14.7,16.9,1.1,2,19.6,62.4,65,473,91.4,0
610243,John Calhoun North Elementary School,ES,Not on Probation,Level 1,51,43,95.9,4.6,96.5,,,,,,,,,,,,,328,,0
610285,Granville T Woods Math & Science Academy Elementary School,ES,Not on Probation,Level 2,,48,91.9,41.5,95.2,,,,,,,,,,,,,402,,0
609799,Alexander Graham Bell Elementary School,ES,Not on Probation,Level 1,88,,96.3,6.3,95.9,58.1,65.6,,,,,,,,,,,998,,0
610257,Morton School of Excellence,ES,Probation,Level 1,49,52,93.6,73.9,97.1,,,,,,,,,,,,,349,,1
609725,Morgan Park High School,HS,Not on Probation,Level 2,,,84.2,11.1,94.6,98.5,64.1,14.7,14.6,15.6,15.9,17.8,1.2,2.2,33.6,80,78.5,1584,73.3,0
610381,Bronzeville Scholastic Academy High School,HS,Probation,Level 3,38,51,92.3,16.2,95.6,,,14.3,13.8,15.3,15.7,16.3,1.4,1,14.7,85.3,73.2,550,71.1,1
610251,Willa Cather Elementary School,ES,Not on Probation,Level 1,70,56,94.9,29.5,96.4,,,,,,,,,,,,,234,,0
609698,William J Bogan High School,HS,Probation,Level 3,,41,75.2,5.8,94.3,,,13.4,13.3,14.3,14.3,15.2,0.9,0.9,13.1,52.5,50,1656,67.1,1
609712,Emil G Hirsch Metropolitan High School,HS,Probation,Level 3,46,,84.8,47.1,95.4,,,11.5,11.2,12.9,12.4,14.1,0.9,1.2,10.8,36.2,45.1,458,69.5,1
610178,Theophilus Schmid Elementary School,ES,Not on Probation,Level 2,,41,92.1,67.1,96.3,43.8,,,,,,,,,,,,185,,0
609853,Salmon P Chase Elementary School,ES,Not on Probation,Level 2,28,,95.4,18.5,95.8,,,,,,,,,,,,,504,,0
609773,Louis A Agassiz Elementary School,ES,Not on Probation,Level 1,,56,95.2,32.6,96.8,,,,,,,,,,,,,432,,0
610143,William C Reavis Math & Science Specialty Elementary School,ES,Probation,Level 3,6,45,93.5,37.2,94.8,,,,,,,,,,,,,311,,1
610057,Fairfield Elementary Academy,ES,Probation,Level 3,24,,93.4,43.4,93.3,16.1,,,,,,,,,,,,604,,1
609854,Frederic Chopin Elementary School,ES,Not on Probation,Level 1,99,49,96.9,1.7,96,,,,,,,,,,,,,269,,0
609961,Ninos Heroes Elementary Academic Center,ES,Probation,Level 2,,48,93.9,25.9,95,,,,,,,,,,,,,435,,1
610062,George B McClellan Elementary School,ES,Probation,Level 2,,53,93.2,7.8,96,,,,,,,,,,,,,283,,1
610501,Austin Polytechnical Academy High School,HS,Probation,Level 2,,,70.1,21.5,95.2,,,12,12.1,13.6,13.1,14.8,1.1,1.2,8.5,,,250,56.1,1
610105,Oriole Park Elementary School,ES,Not on Probation,Level 1,,60,96.5,2.3,95.5,87.1,53.3,,,,,,,,,,,648,,0
609837,Andrew Carnegie Elementary School,ES,Probation,Level 3,51,49,94.6,6.2,94.4,48.1,8.3,,,,,,,,,,,730,,1
610054,John L Marsh Elementary School,ES,Probation,Level 2,53,50,95.7,5.4,95.5,,,,,,,,,,,,,841,,1
610225,John Whistler Elementary School,ES,Probation,Level 3,32,52,92.4,11.1,97,,,,,,,,,,,,,375,,1
610280,Kate S Buckingham Special Education Center,ES,Not Applicable,Level 3,,,83.4,116.9,94.4,,,,,,,,,,,,,26,,0
610392,World Language Academy High School,HS,Not on Probation,Level 2,33,50,91.6,4,96,,,12.9,13.4,14.6,14.1,16.2,1.2,1.6,14.6,69.4,48.1,382,76,0
609777,Phillip D Armour Elementary School,ES,Probation,Level 2,,53,93.9,16,95.8,,,,,,,,,,,,,365,,1
609941,Asa Philip Randolph Elementary School,ES,Probation,Level 3,,45,92.1,43.5,95.3,,,,,,,,,,,,,573,,1
610060,Andrew Jackson Elementary Language Academy,ES,Not on Probation,Level 1,,,97.4,0.7,96.1,48.4,80,,,,,,,,,,,556,,0
609772,Jane Addams Elementary School,ES,Not on Probation,Level 2,50,53,96,5,96.8,,,,,,,,,,,,,928,,0
610385,Multicultural Academy of Scholarship,HS,Probation,Level 2,,56,89.2,22.4,96.7,,,13,13,14.4,14.1,15.6,1.1,1.2,21.1,58,58.5,324,78.7,1
610087,Blair Early Childhood Center,ES,,,64,58,80.2,0.8,94.8,,,,,,,,,,,,,137,,0
609808,Alex Haley Elementary Academy,ES,Not on Probation,Level 2,,47,94.9,2.9,94.7,,,,,,,,,,,,,525,,0
609779,George Armstrong International Studies Elementary School,ES,Not on Probation,Level 1,57,,96.3,8.1,96.3,30.8,60.9,,,,,,,,,,,1509,,0
610535,Mason High School,HS,Not on Probation,Not Enough Data,,50,90.4,44.3,0,,,12.6,13.5,,13.9,,1.3,,,,,48,40.9,0
609896,Thomas Drummond Elementary School,ES,Not on Probation,Level 1,,58,95.2,0.3,96.7,,,,,,,,,,,,,352,,0
610198,Douglas Taylor Elementary School,ES,Not on Probation,Level 2,,42,95.1,16.6,94.3,,,,,,,,,,,,,632,,0
609862,Edward Coles Elementary Language Academy,ES,Probation,Level 2,43,50,95.1,24.9,95,,,,,,,,,,,,,554,,1
610117,Louis Pasteur Elementary School,ES,Not on Probation,Level 2,,,95,5,95.8,,,,,,,,,,,,,1173,,0
609756,Marie Sklodowska Curie Metropolitan High School,HS,Probation,Level 3,35,,85,9.1,95,,,14.2,14.2,15.6,15.1,16.9,0.9,1.3,22.9,76.1,61.3,3320,61,1
609739,George Washington High School,HS,Probation,Level 2,53,,80.2,12.7,95.1,,,13.4,13.6,14.3,14.1,15.5,0.7,1.2,14,71.6,50.9,1524,78.6,1
609994,William G Hibbard Elementary School,ES,Not on Probation,Level 2,,49,96.5,3,96.9,,,,,,,,,,,,,1239,,0
610391,Robert Lindblom Math & Science Academy High School,HS,Not on Probation,Level 1,,55,92.7,2.1,95.9,61.1,78.2,18,18.5,19.1,19,22.2,1,3.1,29.1,68.9,85.9,916,83.3,0
609917,Fernwood Elementary School,ES,Probation,Level 3,37,48,93.4,29,96.1,,,,,,,,,,,,,344,,1
610232,Williams Multiplex Elementary School,ES,Probation,Level 2,,50,91.6,17,95.9,,,,,,,,,,,,,266,,1
610305,George Leland Elementary School,ES,Probation,Level 3,71,60,92.6,3.3,94.9,,,,,,,,,,,,,182,,1
610316,Amelia Earhart Options for Knowledge Elementary School,ES,Not on Probation,Level 2,63,,96.3,33.4,95.4,,,,,,,,,,,,,264,,0
610367,Oscar DePriest Elementary School,ES,Probation,Level 2,39,47,92.7,20,95.6,,,,,,,,,,,,,524,,1
609764,Benito Juarez Community Academy High School,HS,Probation,Level 3,53,,83.7,17.2,95.8,,,13.2,13.7,14.6,14.5,15.8,1.3,1.2,14.8,56.2,48.8,1683,71.1,1
610004,Countee Cullen Elementary School,ES,Probation,Level 3,,,94.1,36.9,96.3,,,,,,,,,,,,,233,,1
610026,John H Kinzie Elementary School,ES,Not on Probation,Level 1,,50,95.4,14.9,95.3,26.5,63.6,,,,,,,,,,,733,,0
609997,Oliver Wendell Holmes Elementary School,ES,Probation,Level 3,,48,87,139.8,92.4,9.1,,,,,,,,,,,,334,,1
610368,Langston Hughes Elementary School,ES,Probation,Level 3,54,46,90,27.5,95.5,,,,,,,,,,,,,424,,1
609713,Hyde Park Academy High School,HS,Probation,Level 3,39,,70.5,18.5,94.2,,,13,12.8,14.4,14.1,15.6,1.1,1.2,11.1,51.1,57.6,1518,63.7,1
609723,John Marshall Metropolitan High School,HS,Probation,Level 3,52,,74.1,42.9,95.8,,,11.7,11.8,13.4,13.2,14.6,1.5,1.2,6.5,36.8,45.2,726,55.2,1
610291,Richard Henry Lee Elementary School,ES,Not on Probation,Level 2,,,95,21.8,95.3,,,,,,,,,,,,,832,,0
609821,Burnham Elementary Inclusive Academy,ES,Not on Probation,Level 1,77,54,95.5,29.4,96.9,,,,,,,,,,,,,286,,0
610129,Josiah Pickard Elementary School,ES,Probation,Level 2,36,48,95.8,5.1,96.4,,,,,,,,,,,,,656,,1
609883,Charles S Deneen Elementary School,ES,Probation,Level 2,33,,93.8,39.5,97.1,,,,,,,,,,,,,551,,1
610271,Jensen Elementary Scholastic Academy,ES,Probation,Level 2,41,46,93.1,17.2,95.3,,,,,,,,,,,,,364,,1
610277,Anthony Overton Elementary School,ES,Probation,Level 3,,52,90.5,24.9,94.9,,,,,,,,,,,,,436,,1
609972,Helge A Haugan Elementary School,ES,Not on Probation,Level 2,39,46,96.2,23.4,94.6,,,,,,,,,,,,,1299,,0
609805,Scott Joplin Elementary School,ES,Probation,Level 3,29,52,95,44.5,94.6,,,,,,,,,,,,,538,,1
610191,Stone Elementary Scholastic Academy,ES,Not on Probation,Level 1,,55,96.4,1.9,96,57.1,56.3,,,,,,,,,,,646,,0
610114,Francis Parkman Elementary School,ES,Probation,Level 3,25,,90.6,20.7,95.3,,,,,,,,,,,,,224,,1
609737,Friedrich W von Steuben Metropolitan Science High School,HS,Not on Probation,Level 2,39,,87,4,95.6,,,15.9,15.7,17.3,16.7,20.4,0.8,3.1,34.6,88.2,78.5,1636,76.8,0
609842,Rachel Carson Elementary School,ES,Not on Probation,Level 2,36,50,97.6,3.9,97.7,,,,,,,,,,,,,1222,,0
610016,Kate S Kellogg Elementary School,ES,Not on Probation,Level 2,,53,96.3,12,95.4,28.2,36.4,,,,,,,,,,,283,,0
609928,Melville W Fuller Elementary School,ES,Probation,Level 3,,51,91.8,40.2,93.9,,,,,,,,,,,,,241,,1
610192,Harriet Beecher Stowe Elementary School,ES,Probation,Level 3,,44,93.8,13.7,94.7,19.1,11.1,,,,,,,,,,,893,,1
610174,James Shields Elementary School,ES,Not on Probation,Level 2,,50,97,13.9,97,,,,,,,,,,,,,1834,,0
609745,Southside Occupational Academy High School,HS,Not Applicable,Not Enough Data,52,63,85.5,13.1,95.2,,,,,,,,,,40,71.7,,201,,0
609885,Dewey Elementary Academy of Fine Arts,ES,Probation,Level 3,,52,90.7,26.3,95.5,,,,,,,,,,,,,357,,1
610103,Isabelle C O'Keeffe Elementary School,ES,Probation,Level 3,,40,92.1,24.6,94.6,17.9,,,,,,,,,,,,575,,1
609819,Edmond Burke Elementary School,ES,Probation,Level 3,,48,89.3,82,95.5,,,,,,,,,,,,,244,,1
609944,Virgil Grissom Elementary School,ES,Not on Probation,Level 2,66,,95.5,2.5,96.4,,,,,,,,,,,,,330,,0
609817,Lyman A Budlong Elementary School,ES,Not on Probation,Level 2,56,50,95.4,3.9,95.7,48.1,16,,,,,,,,,,,864,,0
609754,Chicago Military Academy High School,HS,Not on Probation,Level 2,,,90.3,28.2,95.6,,,14.8,14.4,15.2,15.6,17.4,0.8,2.2,24.4,83.6,69.3,483,88.1,0
609872,Manuel Perez Elementary School,ES,Not on Probation,Level 1,,52,95.9,7.3,96.6,35.6,18.8,,,,,,,,,,,426,,0
610534,Skinner North,ES,Not on Probation,Not Enough Data,,64,96.4,0,97.8,,,,,,,,,,,,,242,,0
610543,Eric Solorio Academy High School,HS,Not on Probation,Not Enough Data,54,53,92.2,3,0,,,,13.9,,,,,,,,,581,85.6,0
609692,Neal F Simeon Career Academy High School,HS,Probation,Level 3,,,78.6,2.1,94.3,,,14.3,14.1,15.3,14.8,16.2,0.5,0.9,14.8,75.2,74,1535,68.5,1
609694,John Hancock College Preparatory High School,HS,Probation,Level 3,44,50,78.2,7.5,95.9,,,14.6,13.8,14.7,15,15.8,0.4,1.1,22.6,56.1,45.9,967,87.4,1
610039,Carl von Linne Elementary School,ES,Not on Probation,Level 1,49,50,95.8,1.8,96.3,48.2,24,,,,,,,,,,,644,,0
609861,Henry R Clissold Elementary School,ES,Not on Probation,Level 2,61,52,95.1,8.4,96.9,42.2,44.4,,,,,,,,,,,588,,0
610199,Johnnie Colemon Elementary Academy,ES,Not on Probation,Level 2,,53,95.9,23.4,95.4,,,,,,,,,,,,,266,,0
609695,Roald Amundsen High School,HS,Probation,Level 3,44,43,81.1,8.7,95.9,,,13.8,13.9,14.9,14.8,16.7,1,1.8,16,64.6,49.1,1532,72.2,1
609708,Edwin G Foreman High School,HS,Probation,Level 3,,,84.3,10.3,94.8,,,13,12.7,14.1,13.7,15.3,0.7,1.2,12.5,59.7,40.9,1716,75.6,1
610231,National Teachers Elementary Academy,ES,Not on Probation,Level 1,70,56,94.7,9.2,96.3,,,,,,,,,,,,,446,,0
609790,Clara Barton Elementary School,ES,Probation,Level 3,42,51,91.7,25.3,96.4,60,3.8,,,,,,,,,,,602,,1
609913,Elaine O Goodlow Elementary Magnet School,ES,Probation,Level 3,42,46,91.6,47.5,96,,,,,,,,,,,,,419,,1
609950,Josefa Ortiz De Dominguez Elementary School,ES,,,69,51,95.8,3.6,97,,,,,,,,,,,,,793,,0
610254,Dvorak Technology Academy,ES,Probation,Level 3,22,,94.2,4.4,95.4,20.3,16.7,,,,,,,,,,,556,,1
610070,James B McPherson Elementary School,ES,Not on Probation,Level 2,,52,96.5,1.2,96.3,,,,,,,,,,,,,695,,0
609676,Paul Laurence Dunbar Career Academy High School,HS,Probation,Level 3,57,,76.9,21.5,96,,,12.8,12.7,13.9,13.8,14.7,1,0.8,6.9,61.7,51.5,1456,65.7,1
610281,Adam Clayton Powell Paideia Community Academy Elementary School,ES,Not on Probation,Level 1,66,46,95.6,15.7,95.3,17.2,27.3,,,,,,,,,,,521,,0
610216,John A Walsh Elementary School,ES,Not on Probation,Level 2,,48,95.1,2.9,95.3,40,42.9,,,,,,,,,,,501,,0
610220,Thomas J Waters Elementary School,ES,Not on Probation,Level 1,,52,96.1,0.4,95.1,,,,,,,,,,,,,590,,0
609978,Wendell Smith Elementary School,ES,Probation,Level 3,24,42,92.1,90,94.1,,,,,,,,,,,,,363,,1
610043,Joseph Lovett Elementary School,ES,Probation,Level 2,,49,95.4,16.1,95.4,,,,,,,,,,,,,490,,1
609732,Charles P Steinmetz Academic Centre High School,HS,Probation,Level 3,35,,79.2,30.4,96.2,,,13,13.8,13.8,14.3,16.1,1.3,2.3,16.3,56.7,47,1890,70.3,1
609741,Gurdon S Hubbard High School,HS,Not on Probation,Level 2,,,89.3,4.3,96.4,,,14.4,14.2,15.3,15.3,17.3,0.9,2,30.1,57.2,51.3,1672,64.5,0
610242,Joseph Brennemann Elementary School,ES,Not on Probation,Level 1,56,53,96.5,13.7,97.7,,,,,,,,,,,,,362,,0
610180,John M Smyth Elementary School,ES,Probation,Level 3,,43,92.4,20.1,93.3,,,,,,,,,,,,,475,,1
610078,Inter-American Elementary Magnet School,ES,Not on Probation,Level 1,,51,96.2,3,96.2,32.1,83.3,,,,,,,,,,,690,,0
610234,Richard Yates Elementary School,ES,Probation,Level 3,,51,93.7,5.6,96.2,28.6,77.8,,,,,,,,,,,690,,1
609720,Albert G Lane Technical High School,HS,Not on Probation,Level 1,,,96.3,2.1,96.2,,,19.1,19.5,19.9,20.1,23.4,1,3.5,67.9,92.2,79.8,4368,90.7,0
610074,James Monroe Elementary School,ES,Probation,Level 2,,47,95.1,22.1,95.8,,,,,,,,,,,,,1125,,1
609729,Carl Schurz High School,HS,Probation,Level 3,36,,81.2,13.8,96,,,13.1,12.9,14.3,14,15.6,0.9,1.3,9.7,62.1,40.4,2366,61.6,1
610208,Mildred I Lavizzo Elementary School,ES,Probation,Level 3,35,48,91.5,39.1,95,,,,,,,,,,,,,394,,1
609736,Dyett High School,HS,Probation,Level 3,18,,62.5,24.4,93.5,,,11.6,11.7,13,12.9,14,1.3,1,3.3,33.7,51,318,37.1,1
610504,Velma F Thomas Early Childhood Center,ES,,,,55,,0,95.6,,,,,,,,,,,,,211,,0
610304,Phoenix Military Academy High School,HS,Not on Probation,Level 1,,52,92.1,4.3,97.4,,,14.7,14.9,15.9,15.9,18.6,1.2,2.7,33.9,74.8,51.3,461,74.1,0
609829,John C Burroughs Elementary School,ES,Not on Probation,Level 2,55,50,95.6,0.2,96.1,42.2,21.1,,,,,,,,,,,510,,0
610224,West Pullman Elementary School,ES,Probation,Level 3,46,47,91.2,7.6,93.8,,,,,,,,,,,,,343,,1
610136,William H Prescott Elementary School,ES,Not on Probation,Level 2,,50,93.5,73.9,97.6,,,,,,,,,,,,,240,,0
609674,Chicago Vocational Career Academy High School,HS,Probation,Level 3,43,,68.8,33.3,94.6,,,12.5,12.6,13.8,13.2,14.3,0.7,0.5,7,49.5,54,833,44.1,1
610187,Graeme Stewart Elementary School,ES,Probation,Level 2,,47,95.2,77,96.1,30.4,,,,,,,,,,,,280,,1
609830,Milton Brunson Math & Science Specialty Elementary School ,ES,Probation,Level 3,,47,91.3,16.6,95,,,,,,,,,,,,,658,,1
610279,Henry O Tanner Elementary School,ES,Probation,Level 3,,,91.8,43.1,95.6,,,,,,,,,,,,,448,,1
610355,Mary E Courtenay Elementary Language Arts Center,ES,Not on Probation,Level 2,,59,94.9,10.8,94.2,19,,,,,,,,,,,,257,,0
610299,William A Hinton Elementary School,ES,Probation,Level 3,,45,91.7,28.9,95.1,,,,,,,,,,,,,321,,1
610223,Daniel S Wentworth Elementary School,ES,Probation,Level 3,32,,91.6,73.8,95.9,,,,,,,,,,,,,365,,1
610036,Leslie Lewis Elementary School,ES,Probation,Level 3,37,42,91.8,37.7,95.3,,,,,,,,,,,,,565,,1
609828,Jonathan Burr Elementary School,ES,Not on Probation,Level 1,66,56,95.9,4.3,96.9,,,,,,,,,,,,,348,,0
610031,Jean D Lafayette Elementary School,ES,Probation,Level 3,53,52,94.1,14.3,96.3,,,,,,,,,,,,,474,,1
610205,Lyman Trumbull Elementary School,ES,Probation,Level 3,,50,94.3,17.8,95.2,,,,,,,,,,,,,438,,1
610229,A.N. Pritzker School,ES,Not on Probation,Level 1,,,94.6,36.5,95.6,,,,,,,,,,,,,669,,0
610287,Ashburn Community Elementary School,ES,Not on Probation,Level 2,76,51,95.5,28.5,97.1,40.8,40,,,,,,,,,,,490,,0
609924,Fort Dearborn Elementary School,ES,Not on Probation,Level 2,,47,93.4,24.5,95.9,,,,,,,,,,,,,478,,0
610172,William T Sherman Elementary School,ES,Probation,Level 3,,49,92.3,230.6,95,,,,,,,,,,,,,462,,1
609960,Nathan Hale Elementary School,ES,Not on Probation,Level 2,63,55,94.5,9.8,96.2,,,,,,,,,,,,,872,,0
610269,John T McCutcheon Elementary School,ES,Not on Probation,Level 2,36,52,94,8.8,94.8,,,,,,,,,,,,,355,,0
610366,Charles H Wacker Elementary School,ES,Probation,Level 2,,50,93.4,11.5,93.4,,,,,,,,,,,,,246,,1
610115,Park Manor Elementary School,ES,Probation,Level 3,42,55,94.9,16.6,96.3,,,,,,,,,,,,,352,,1
609795,George Rogers Clark Elementary School,ES,Not on Probation,Level 1,,47,93.9,14.4,96.4,29,,,,,,,,,,,,297,,0
610354,North River Elementary School,ES,Not on Probation,Level 2,60,50,95.6,20.1,96,,,,,,,,,,,,,359,,0
610146,Paul Revere Elementary School,ES,Probation,Level 3,,49,92.4,33.3,94.6,,,,,,,,,,,,,320,,1
609898,John F Eberhart Elementary School,ES,Probation,Level 3,41,,95.3,13.1,95.6,15.9,17.2,,,,,,,,,,,1777,,1
610119,Elizabeth Peabody Elementary School,ES,Not on Probation,Level 2,58,52,95.2,7.6,97,,,,,,,,,,,,,289,,0
610020,Francis Scott Key Elementary School,ES,Probation,Level 2,,44,91.9,39.6,94,,,,,,,,,,,,,301,,1
610037,Arthur A Libby Elementary School,ES,Probation,Level 3,,48,90.8,21.6,95.1,18,,,,,,,,,,,,539,,1
610170,Columbia Explorers Elementary Academy,ES,Not on Probation,Level 2,64,52,95.4,8.9,97.1,,,,,,,,,,,,,1038,,0
609826,Rosario Castellanos Elementary School,ES,Not on Probation,Level 2,24,46,96.3,24.3,96.9,,,,,,,,,,,,,525,,0
610390,Hyman G Rickover Naval Academy High School,HS,Not on Probation,Level 2,,53,92.9,15.4,95.9,,,15.2,15.4,16.5,15.8,18.7,0.6,2.2,23.4,63,63.5,423,90.7,0
610530,South Shore Fine Arts Academy,ES,Not on Probation,Not Enough Data,,56,93.6,22.4,96.3,,,,,,,,,,,,,255,,0
610044,James Russell Lowell Elementary School,ES,Probation,Level 2,,45,93.2,11.2,95.7,,,,,,,,,,,,,593,,1
609900,George W Curtis Elementary School,ES,Probation,Level 3,,68,93.8,18.2,98.1,,,,,,,,,,,,,504,,1
610206,Mark Twain Elementary School,ES,Not on Probation,Level 1,76,60,96.3,5.3,97.8,,,,,,,,,,,,,1161,,0
610148,Cesar E Chavez Multicultural Academic Center Elementary School,ES,Not on Probation,Level 1,52,45,95.1,11.1,96.1,44.6,18.5,,,,,,,,,,,915,,0
610147,Philip Rogers Elementary School,ES,Not on Probation,Level 1,76,53,96.4,3,95.1,,,,,,,,,,,,,735,,0
609804,Daniel Boone Elementary School,ES,Not on Probation,Level 1,50,50,95.5,10.5,95.4,,,,,,,,,,,,,752,,0
610133,Laura S Ward Elementary School,ES,Probation,Level 3,,,92.9,3.9,97.5,,,,,,,,,,,,,429,,1
610179,Washington D Smyser Elementary School,ES,Not on Probation,Level 1,,,95.5,4.9,97.2,,,,,,,,,,,,,1047,,0
610252,Robert Nathaniel Dett Elementary School,ES,Not on Probation,Level 1,,51,94.4,6.9,94.8,,,,,,,,,,,,,250,,0
610405,Suder Montessori Magnet Elementary School,ES,Not on Probation,Level 1,,,96.6,6.5,95.7,,,,,,,,,,,,,351,,0
610061,William J & Charles H Mayo Elementary School,ES,Not on Probation,Level 2,55,50,95.3,26,95.2,,,,,,,,,,,,,453,,0
609929,Robert Fulton Elementary School,ES,Probation,Level 2,41,45,95.1,10.1,96.8,,,,,,,,,,,,,466,,1
609719,Lake View High School,HS,Not on Probation,Level 2,,49,87.7,8.5,96.2,,,15.3,15.8,16.1,16.7,17.8,1.4,1.7,36.6,81.4,62.8,1500,87.3,0
610207,John H Vanderpoel Elementary Magnet School,ES,Not on Probation,Level 2,,55,97.2,0.3,96.2,,,,,,,,,,,,,317,,0
609768,Hope College Preparatory High School,HS,Probation,Level 3,51,,72.2,24,94.3,,,12.3,13,13.7,13.5,15,1.2,1.3,16.7,55.2,58.2,561,63.6,1
609955,Walter Q Gresham Elementary School,ES,Probation,Level 2,49,48,95.5,35.4,95,,,,,,,,,,,,,359,,1
610022,Joyce Kilmer Elementary School,ES,Not on Probation,Level 2,43,49,96,15.6,96.9,,,,,,,,,,,,,886,,0
610120,Ferdinand Peck Elementary School,ES,Not on Probation,Level 1,43,44,96.3,1.2,97.2,17.8,87.5,,,,,,,,,,,1560,,0
609793,Nicholson Technology Academy,ES,Not on Probation,Level 2,37,,93.4,6,97,,,,,,,,,,,,,464,,0
610209,Alessandro Volta Elementary School,ES,Not on Probation,Level 2,61,51,96.4,22.5,95.9,31.6,65.2,,,,,,,,,,,1023,,0
609761,George H Corliss High School,HS,Probation,Level 3,52,,71.3,23.4,95.2,,,12,11.4,13,12.9,14.3,0.9,1.3,10.6,42.8,44,621,76.2,1
610086,Mount Vernon Elementary School,ES,Not on Probation,Level 2,26,47,93.3,76.6,94.1,,,,,,,,,,,,,290,,0
609969,Bret Harte Elementary School,ES,Probation,Level 3,,47,94.2,17.9,95.4,,,,,,,,,,,,,340,,1
610017,Maria Saucedo Elementary Scholastic Academy,ES,Not on Probation,Level 1,,43,96.8,19.4,96.9,10.8,91.7,,,,,,,,,,,1306,,0
609926,Franklin Elementary Fine Arts Center,ES,Not on Probation,Level 1,,58,95.9,5.6,95.3,,,,,,,,,,,,,363,,0
610073,Ellen Mitchell Elementary School,ES,Not on Probation,Level 1,64,56,95.5,12.2,97.7,,,,,,,,,,,,,344,,0
609811,Orville T Bright Elementary School,ES,Probation,Level 3,,41,92.2,55.7,95.3,,,,,,,,,,,,,361,,1
609728,Theodore Roosevelt High School,HS,Probation,Level 3,,,82.3,9.7,96.1,,,12.9,13.4,14.3,14,15.7,1.1,1.4,13.7,59.4,42.9,1490,61.2,1
610077,Donald Morrill Math & Science Elementary School,ES,Probation,Level 3,25,44,93.4,19.6,94.8,38.9,50,,,,,,,,,,,823,,1
609910,Laughlin Falconer Elementary School,ES,Not on Probation,Level 2,24,49,96.1,5.7,97,,,,,,,,,,,,,1520,,0
609995,Rufus M Hitch Elementary School,ES,Not on Probation,Level 1,77,55,95.1,3.7,96.6,,,,,,,,,,,,,542,,0
610274,James Weldon Johnson Elementary School,ES,Probation,Level 2,38,51,94.7,1.4,97.5,,,,,,,,,,,,,365,,1
609880,Stephen Decatur Classical Elementary School,ES,Not on Probation,Level 1,99,52,96.2,2.8,95.4,,,,,,,,,,,,,289,,0
609881,Edward C Delano Elementary School,ES,Probation,Level 2,64,55,93.4,20.3,94.7,,,,,,,,,,,,,414,,1
609850,Horace Greeley Elementary School,ES,Not on Probation,Level 1,,52,95.9,6,96,,,,,,,,,,,,,611,,0
609809,Lorenz Brentano Math & Science Academy Elementary School,ES,Not on Probation,Level 2,47,,94.7,9.2,97.7,48.1,3.8,,,,,,,,,,,455,,0
609813,Charles S Brownell Elementary School,ES,Not on Probation,Level 2,16,48,92.8,14.1,95.5,,,,,,,,,,,,,310,,0
610193,William K New Sullivan Elementary School,ES,Probation,Level 3,42,47,90.3,27.3,94,,,,,,,,,,,,,527,,1
609760,George Washington Carver Military Academy High School,HS,Not on Probation,Level 2,,,91.6,8.9,96.4,,,14.5,14.2,15,14.9,16.8,0.4,1.8,21.2,78.7,60.5,532,79.5,0
609945,William C Goudy Elementary School,ES,Not on Probation,Level 1,52,,96.1,6,95.8,34.5,100,,,,,,,,,,,805,,0
609968,Sharon Christa McAuliffe Elementary School,ES,Probation,Level 3,,52,93.9,14.2,95.7,,,,,,,,,,,,,862,,1
609727,Wendell Phillips Academy High School,HS,Probation,Level 3,71,,63,22,96.1,,,11.5,12.8,13.4,12.9,15,1.4,1.6,2.5,40.3,42.6,590,32.1,1
609933,Stephen F Gale Elementary Community Academy,ES,Probation,Level 3,31,45,92.1,34.8,95.2,20.9,,,,,,,,,,,,532,,1
610142,William H Ray Elementary School,ES,Not on Probation,Level 1,,50,95.1,6.7,94.9,,,,,,,,,,,,,654,,0
610158,Harriet E Sayre Elementary Language Academy,ES,Not on Probation,Level 2,,44,96.2,2.6,96.6,,,,,,,,,,,,,605,,0
610063,Cyrus H McCormick Elementary School,ES,Not on Probation,Level 1,60,52,95.9,4.7,95.9,,,,,,,,,,,,,894,,0
610134,Nathaniel Pope Elementary School,ES,Probation,Level 3,,,91.6,54.2,95.8,,,,,,,,,,,,,200,,1
610518,VOISE Academy High School,HS,Probation,Level 2,,,84.5,25,96.5,,,12.3,12.5,13.6,13.6,14.4,1.3,0.8,,,,410,82,1
609979,Robert Healy Elementary School,ES,Not on Probation,Level 1,,,96.6,11.3,97.1,18.9,80,,,,,,,,,,,1384,,0
610503,Frazier Prospective IB Magnet Elementary School,ES,Not on Probation,Level 1,55,66,96.8,7.2,96.6,,,,,,,,,,,,,220,,0
610210,Alexander von Humboldt Elementary School,ES,Probation,Level 3,,43,92.5,185.5,96,14.6,,,,,,,,,,,,398,,1
610006,Edward N Hurley Elementary School,ES,Not on Probation,Level 1,56,49,95.4,12.2,94.9,,30.3,,,,,,,,,,,830,,0
610169,Austin O Sexton Elementary School,ES,Probation,Level 3,,46,90.5,8.6,94.1,,,,,,,,,,,,,337,,1
610365,Mary McLeod Bethune Elementary School,ES,Probation,Level 3,47,56,93.3,25.8,97.6,,,,,,,,,,,,,362,,1
609851,Thomas Chalmers Specialty Elementary School,ES,Probation,Level 3,76,,94.4,3.4,97.3,,,,,,,,,,,,,288,,1
610233,Elihu Yale Elementary School,ES,Probation,Level 3,35,49,89.7,67.2,97,,,,,,,,,,,,,182,,1
609833,Charles P Caldwell Academy of Math & Science Elementary School,ES,Probation,Level 3,31,44,92.7,30.7,94.7,,,,,,,,,,,,,291,,1
609904,Edward K Ellington Elementary School,ES,Probation,Level 2,,49,93.3,17.4,97.3,,,,,,,,,,,,,377,,1
610094,Louis Nettelhorst Elementary School,ES,Not on Probation,Level 1,,,95.5,5.3,95.9,53.6,33.3,,,,,,,,,,,729,,0
610276,Irvin C Mollison Elementary School,ES,Probation,Level 3,,52,91.1,36.1,94.3,20.7,,,,,,,,,,,,244,,1
610402,DeVry University Advantage Academy High School,HS,Not on Probation,Level 1,,58,96.7,0,94.5,,,,,,,20.7,,,40.6,,63.3,200,,0
610066,James E McDade Elementary Classical School,ES,Not on Probation,Level 1,,61,96.2,0,94.3,,,,,,,,,,,,,199,,0
610185,Adlai E Stevenson Elementary School,ES,Not on Probation,Level 2,,47,95.7,2.3,94.7,,,,,,,,,,,,,1324,,0
609789,John Barry Elementary School,ES,Not on Probation,Level 2,49,51,95.1,5.6,96.1,,,,,,,,,,,,,800,,0
610177,Mark Skinner Elementary School,ES,Not on Probation,Level 1,,,97.1,0,94.9,,,,,,,,,,,,,784,,0
610241,Guglielmo Marconi Elementary Community Academy,ES,Probation,Level 3,,52,91.5,58.8,96.5,,,,,,,,,,,,,245,,1
609715,Thomas Kelly High School,HS,Not on Probation,Level 2,53,,89.3,5.8,95.3,,,13.4,13.4,15.1,14.6,17.1,1.2,2,22.1,67.4,46.4,2883,65.6,0
609925,Joseph Kellman Corporate Community Elementary School,ES,Not on Probation,Level 2,68,59,95.2,4.4,95.8,,,,,,,,,,,,,293,,0
609967,William F Finkl Elementary School,ES,Probation,Level 2,60,49,95.2,6.7,96.9,,,,,,,,,,,,,588,,1
610085,Near North Elementary School,ES,Not Applicable,Level 3,,,80.2,58.3,94.8,,,,,,,,,,,,,91,,0
609711,William Rainey Harper High School,HS,Probation,Level 2,32,49,73,63.6,94.7,,,12.2,11.9,13.1,13.4,14.4,1.2,1.3,5.9,37,40.3,621,64.2,1
610542,West Ridge Elementary School,ES,Not on Probation,Not Enough Data,,46,94.9,6.8,0,,,,,,,,,,,,,659,,0
610130,John T Pirie Fine Arts & Academic Center Elementary School,ES,Not on Probation,Level 2,44,,93.5,20.8,95.4,,,,,,,,,,,,,384,,0
610099,Norwood Park Elementary School,ES,Not on Probation,Level 1,86,57,95.5,0.3,95.6,94.7,69.4,,,,,,,,,,,359,,0
610116,Parkside Elementary Community Academy,ES,Probation,Level 3,,42,89.8,90.7,94.9,,,11.5,,,,,,,,,,348,,1
609989,Victor Herbert Elementary School,ES,Not on Probation,Level 1,52,50,92.8,10.3,96.2,,,,,,,,,,,,,398,,0
609707,Paul Robeson High School,HS,Probation,Level 3,,,73.5,26.4,94.7,,,11.6,11,12.7,12.7,13.6,1.1,0.9,2.9,40.6,42.2,733,53.3,1
610112,Francis W Parker Elementary Community Academy,ES,Not on Probation,Level 2,,48,91.9,39,94.9,10.6,,,,,,,,,,,,808,,0
610171,Arnold Mireles Elementary Academy,ES,Probation,Level 3,,48,92.8,11.8,95.2,9.8,,,,,,,,,,,,905,,1
609887,Arthur Dixon Elementary School,ES,Not on Probation,Level 2,,,94.8,32.2,95.6,,,,,,,,,,,,,652,,0
610137,Ernst Prussing Elementary School,ES,Not on Probation,Level 2,,43,95.4,23.4,96,,,,,,,,,,,,,672,,0
609942,Johann W von Goethe Elementary School,ES,Not on Probation,Level 2,61,57,95.8,5.6,97,20.5,29.4,,,,,,,,,,,786,,0
609922,Belmont-Cragin Elementary School,ES,Not on Probation,Level 2,81,55,95.3,1.3,96.8,,,,,,,,,,,,,634,,0
609927,Foster Park Elementary School,ES,Probation,Level 3,41,46,93.7,33.6,94.7,,,,,,,,,,,,,418,,1
610228,John Greenleaf Whittier Elementary School,ES,Probation,Level 3,,,94.9,3.8,96.5,,,,,,,,,,,,,409,,1
610345,Carter G Woodson South Elementary School,ES,Probation,Level 3,27,44,91.9,70.5,94.7,,,,,,,,,,,,,329,,1
609709,Gage Park High School,HS,Probation,Level 3,43,,72.5,19.5,94,,,12.4,12,13.8,13.6,14.1,1.2,0.3,7.9,52.8,40.3,1052,46,1
610184,John Spry Elementary Community School,ES,Not on Probation,Level 2,59,46,96.2,5.9,97.4,,,,,,,,,,,,,809,,0
609788,Alice L Barnard Computer Math & Science Center Elementary School,ES,Not on Probation,Level 1,,69,95.6,28.5,95,,,,,,,,,,,,,274,,0
609902,Ralph H Metcalfe Elementary Community Academy,ES,Probation,Level 3,,48,94.9,22.3,95.5,24.6,84.6,,,,,,,,,,,489,,1
609908,Esmond Elementary School,ES,Probation,Level 2,,49,92.9,34,95.7,,,,,,,,,,,,,342,,1
610362,Medgar Evers Elementary School,ES,Not on Probation,Level 1,,56,94.9,18.1,96.1,,,,,,,,,,,,,367,,0
609844,William W Carter Elementary School,ES,Probation,Level 3,49,46,91.2,27,95.9,42.4,50,,,,,,,,,,,371,,1
609930,Frederick Funston Elementary School,ES,Probation,Level 3,,40,94.7,16.8,95.4,,,,,,,,,,,,,619,,1
610021,Pablo Casals Elementary School,ES,Probation,Level 3,,42,92,47.1,95.9,,,,,,,,,,,,,505,,1
610139,George M Pullman Elementary School,ES,Not on Probation,Level 2,,50,93.5,14.6,96.2,,,,,,,,,,,,,259,,0
609730,Nicholas Senn High School,HS,Probation,Level 3,,,81.7,41.3,96.4,,,12.8,14.3,14.3,13.9,15.8,1.1,1.5,17.5,40.1,54.4,1053,79.8,1
610339,Amos Alonzo Stagg Elementary School,ES,Probation,Level 3,35,44,91.4,34.3,95.5,,,,,,,,,,,,,539,,1
609871,Barbara Vick Early Childhood & Family Center,ES,,,,66,60.9,0,95.5,,,,,,,,,,,,,204,,0
609782,John J Audubon Elementary School,ES,Not on Probation,Level 1,73,61,96.2,4.5,96.7,47.4,61.1,,,,,,,,,,,580,,0
609954,John Milton Gregory Elementary School,ES,Not on Probation,Level 1,43,49,95.2,3.2,94.6,,,,,,,,,,,,,323,,0
610353,Calmeca Academy of Fine Arts and Dual Language,ES,Not on Probation,Level 2,67,51,96.5,1.9,96.9,,,,,,,,,,,,,792,,0
610132,Edgar Allan Poe Elementary Classical School,ES,Not on Probation,Level 1,33,55,97.6,0,97.2,,,,,,,,,,,,,192,,0
609971,John Harvard Elementary School of Excellence,ES,Probation,Level 2,24,47,93,8.7,96,,,,,,,,,,,,,476,,1
609857,Grover Cleveland Elementary School,ES,Not on Probation,Level 1,43,49,95,6.1,96.3,27.6,58.3,,,,,,,,,,,688,,0
609734,William Howard Taft High School,HS,Not on Probation,Level 2,,,89.1,9.8,96.1,74.4,60,14.8,15.7,15.9,16.4,17.9,1.6,2,32.3,67.4,62.2,2922,77.3,0
609796,Jean Baptiste Beaubien Elementary School,ES,Not on Probation,Level 1,,,95.7,7.4,96.3,36.8,72.2,,,,,,,,,,,1181,,0
610084,Annie Keller Elementary Gifted Magnet School,ES,Not on Probation,Level 1,97,68,97.5,4.9,96.5,51.5,70.6,,,,,,,,,,,245,,0
610529,Ogden International High School,HS,Not on Probation,Not Enough Data,,,94.2,13.7,0,58.7,29,14.5,14.7,,16,,1.5,,,,,558,93.3,0
610030,Charles Kozminski Elementary Community Academy,ES,Probation,Level 3,,39,92,55.6,94.4,,,,,,,,,,,,,403,,1
609952,Nathanael Greene Elementary School,ES,Not on Probation,Level 2,,48,95.5,3.8,96.2,,,,,,,,,,,,,631,,0
609963,Alexander Hamilton Elementary School,ES,Not on Probation,Level 2,64,57,95.3,12.5,97.4,,,,,,,,,,,,,307,,0
610141,Ravenswood Elementary School,ES,Not on Probation,Level 2,,53,94.9,8.1,95.7,,,,,,,,,,,,,465,,0
610011,Minnie Mars Jamieson Elementary School,ES,Not on Probation,Level 1,50,52,95.7,8.1,96.2,38.1,42.9,,,,,,,,,,,811,,0
610106,Brian Piccolo Elementary Specialty School,ES,Probation,Level 3,,,90.6,65.8,95,,,,,,,,,,,,,549,,1
610189,Joseph Stockton Elementary School,ES,Not on Probation,Level 2,,,94.9,11,95.3,30.8,75,,,,,,,,,,,462,,0
610065,Emmett Louis Till Math and Science Academy,ES,Probation,Level 3,31,47,88,95.7,93.3,,,,,,,,,,,,,471,,1
609991,Theodore Herzl Elementary School,ES,Probation,Level 3,,,90.8,23.9,97,,,,,,,,,,,,,512,,1
610076,Bernhard Moos Elementary School,ES,Probation,Level 2,34,,93,45.5,96.3,,,,,,,,,,,,,429,,1
610282,Ronald E McNair Elementary School,ES,Probation,Level 3,30,47,90.7,52.8,96.5,,,,,,,,,,,,,422,,1
609738,Lincoln Park High School,HS,Not on Probation,Level 2,61,,84.6,9.2,96,,,17.7,18,18.6,19,21.6,1.3,3,53.6,77.9,75.5,2342,74.4,0
610125,Irma C Ruiz Elementary School,ES,Not on Probation,Level 2,59,50,95.5,15.9,95,28.8,16.7,,,,,,,,,,,916,,0
610009,Galileo Math & Science Scholastic Academy Elementary School,ES,Not on Probation,Level 1,52,49,95,3.1,97,33.3,78.9,,,,,,,,,,,606,,0
610369,Mahalia Jackson Elementary School,ES,Probation,Level 3,,46,92.5,35.7,94.6,,,,,,,,,,,,,323,,1
609884,William E Dever Elementary School,ES,Not on Probation,Level 1,66,50,95.5,2.1,95.9,,,,,,,,,,,,,843,,0
609899,Christian Ebinger Elementary School,ES,Not on Probation,Level 1,72,52,95.9,9.3,95.2,,,,,,,,,,,,,650,,0
610096,Florence Nightingale Elementary School,ES,Not on Probation,Level 2,54,48,95.6,9.4,95.8,23.3,32.1,,,,,,,,,,,1382,,0
609849,George F Cassell Elementary School,ES,Not on Probation,Level 2,67,52,94.4,13.8,95.1,,,,,,,,,,,,,358,,0
609691,North-Grand High School,HS,Probation,Level 2,,,88.6,15.3,95.6,,,13.3,12.8,14.1,14.2,15.4,0.9,1.3,15.8,69.7,41.3,883,81.3,1
610165,Franz Peter Schubert Elementary School,ES,Probation,Level 3,31,47,95.8,2.1,97,,,,,,,,,,,,,949,,1
610266,Dumas Technology Academy,ES,Probation,Level 3,,48,92.5,38.4,95.6,,,,,,,,,,,,,381,,1
610092,Henry H Nash Elementary School,ES,Probation,Level 3,,,95.1,27.9,95.8,,,,,,,,,,,,,393,,1
610176,John D Shoop Math-Science Technical Academy Elementary School,ES,Probation,Level 3,47,52,93.2,40.8,96.3,4.5,,,,,,,,,,,,553,,1
610389,Orr Academy High School,HS,Probation,Level 3,,,66.3,10.2,95,,,11.7,12,13.6,13.3,15.1,1.6,1.5,5.8,,51.9,831,59.5,1
610248,Chicago Academy Elementary School,ES,Not on Probation,Level 1,,47,96.3,6,96.1,50,53.8,,,,,,,,,,,601,,0
610055,Michael Faraday Elementary School,ES,Not on Probation,Level 2,,50,93.3,39.4,94.6,,,,,,,,,,,,,194,,0
610110,Ida B Wells Preparatory Elementary Academy,ES,Probation,Level 3,,,93.2,9.5,92.8,,,,,,,,,,,,,215,,1
610053,Marquette Elementary School,ES,Probation,Level 3,,43,93.1,64.6,95.3,,,,,,,,,,,,,1390,,1
609702,Richard T Crane Technical Preparatory High School,HS,Probation,Level 3,,47,57.9,19.9,93.9,,,12,11.9,13.2,13.6,14,1.6,0.8,3.7,48,32.6,478,40.9,1
609986,Charles R Henderson Elementary School,ES,Probation,Level 3,,46,89.2,80.6,93.6,8.2,,,,,,,,,,,,407,,1
610342,Albert R Sabin Elementary Magnet School,ES,Probation,Level 3,,,94.7,28.1,95,,,,,,,,,,,,,620,,1
609803,James G Blaine Elementary School,ES,Not on Probation,Level 1,,40,96.4,2.1,96,50,63.3,,,,,,,,,,,923,,0
610253,Julia C Lathrop Elementary School,ES,Probation,Level 3,,40,90.5,113.5,95.5,,,,,,,,,,,,,83,,1
609820,Augustus H Burley Elementary School,ES,Not on Probation,Level 1,,59,96.5,0.7,95,35.7,80,,,,,,,,,,,572,,0
609867,Peter Cooper Elementary Dual Language Academy,ES,Not on Probation,Level 2,,,96.2,5.7,96.3,,,,,,,,,,,,,709,,0
610083,Daniel C Beard Elementary School,ES,Not Applicable,Not Enough Data,,57,91.9,0,94.3,,,,,,,,,,,,,160,,0
610159,Jonathan Y Scammon Elementary School,ES,Not on Probation,Level 2,,48,95.9,8,95.3,19.4,100,,,,,,,,,,,937,,0
609866,John C Coonley Elementary School,ES,Not on Probation,Level 1,90,58,95.9,1.4,96.5,,,,,,,,,,,,,668,,0
610182,Hannah G Solomon Elementary School,ES,Not on Probation,Level 1,96,52,95.8,0.8,95.7,45.5,93.3,,,,,,,,,,,363,,0
610157,Sidney Sawyer Elementary School,ES,Not on Probation,Level 2,30,49,96.8,7.4,96.4,17.6,82.1,,,,,,,,,,,1846,,0
610082,Mount Greenwood Elementary School,ES,Not on Probation,Level 1,,,96,2.9,96.1,,,,,,,,,,,,,909,,0
610249,Talman Elementary School,ES,Not on Probation,Level 1,99,57,96.2,9.2,95.5,,,,,,,,,,,,,376,,0
610237,Ludwig Van Beethoven Elementary School,ES,Probation,Level 3,,46,93.7,11.4,94.7,39.1,70.6,,,,,,,,,,,411,,1
610312,Mary E McDowell Elementary School,ES,Not on Probation,Level 2,49,,95.5,3.1,96.1,,,,,,,,,,,,,188,,0
610104,William J Onahan Elementary School,ES,Not on Probation,Level 1,59,47,95.7,6.9,96.1,,,,,,,,,,,,,687,,0
610109,William Bishop Owen Scholastic Academy Elementary School,ES,Not on Probation,Level 1,61,58,96.9,1.2,95,44.4,54.5,,,,,,,,,,,243,,0
610221,Daniel Webster Elementary School,ES,Not on Probation,Level 1,56,45,94.8,5.7,97.2,,,,,,,,,,,,,370,,0
609746,Kenwood Academy High School,HS,Not on Probation,Level 2,,,88.4,5.9,95.3,81.2,49,15.6,15.1,16.8,16.9,19.1,1.3,2.3,26.8,69.5,79.7,1852,70.3,0
609682,Ellen H Richards Career Academy High School,HS,Probation,Level 2,23,43,90.6,17.3,95.7,,,11.8,12,13.1,12.8,14,1,0.9,5.5,57.3,43.1,473,63.5,1
609974,Hawthorne Elementary Scholastic Academy,ES,Not on Probation,Level 1,88,58,96.9,1.2,96.5,98.4,91.8,,,,,,,,,,,569,,0
610499,Collins Academy High School,HS,Not on Probation,Level 2,42,54,91.4,2.9,96.6,,,12.5,12.5,14.2,14.1,15.6,1.6,1.4,20.5,,,409,70.4,0
609990,South Loop Elementary School,ES,Not on Probation,Level 1,66,54,95.3,12.7,97.2,,,,,,,,,,,,,795,,0
610264,Walter Reed Elementary School,ES,Probation,Level 2,,47,92.4,75.5,93.2,,,,,,,,,,,,,44,,1
609679,Charles Allen Prosser Career Academy High School,HS,Not on Probation,Level 2,47,46,86,9.7,94.4,,,15.5,15.1,16.3,16.2,17.9,0.7,1.6,27.7,78.7,58,1415,79.4,0
609797,Jacob Beidler Elementary School,ES,Not on Probation,Level 2,,,95.4,0.7,96.6,,,,,,,,,,,,,411,,0
609891,James R Doolittle Jr Elementary School,ES,Probation,Level 3,,44,91.4,134.8,94.7,,,,,,,,,,,,,306,,1
609693,George Westinghouse High School,HS,Not on Probation,Not Enough Data,72,54,93.6,2,96.8,,,16.1,16.9,,17.1,,1,,,,,828,90.5,0
610515,Disney II Magnet School,ES,Not on Probation,Level 1,99,62,97.3,0,96.5,,,,,,,,,,,,,363,,0
610034,Lawle Elementary Community Academy,ES,Probation,Level 3,,,91,18.8,94.8,,,,,,,,,,,,,508,,1
609759,Roberto Clemente Community Academy High School,HS,Probation,Level 2,31,,69.6,20.6,94.2,,,12.6,12.3,14,13.3,15.4,0.7,1.4,12.5,49.5,41.5,1016,58.9,1
609855,Walter S Christopher Elementary School,ES,Probation,Level 3,48,52,86.1,4,94.1,,,,,,,,,,,,,279,,1
609735,Edward Tilden Career Community Academy High School,HS,Probation,Level 2,57,51,78.4,13,95.2,,,11.6,12,12.9,12.9,13.5,1.3,0.6,10.5,41.1,37,461,86.5,1
610284,New Field Elementary School,ES,Not on Probation,Level 2,,51,96.2,3.1,95.6,,,,,,,,,,,,,696,,0
610263,John Foster Dulles Elementary School,ES,Probation,Level 2,22,51,94.1,28.2,97.3,,,,,,,,,,,,,537,,1
609906,Robert Emmet Elementary School,ES,Not on Probation,Level 2,,51,89.8,30.1,94.8,,,,,,,,,,,,,460,,0
609798,Hiram H Belding Elementary School,ES,Not on Probation,Level 2,63,53,95,21.3,96.2,46.4,57.7,,,,,,,,,,,672,,0
610348,Nathan R Goldblatt Elementary School,ES,Probation,Level 3,,53,92.9,57.7,95.6,,,,,,,,,,,,,268,,1
610227,Eli Whitney Elementary School,ES,Not on Probation,Level 2,,,95.8,11.6,95.2,9.5,,,,,,,,,,,,1133,,0
610088,Wolfgang A Mozart Elementary School,ES,Not on Probation,Level 2,,50,95.2,3.6,96.4,,,,,,,,,,,,,748,,0
609864,John W Cook Elementary School,ES,Probation,Level 2,,45,94,26,94,,,,,,,,,,,,,482,,1
610052,Horace Mann Elementary School,ES,Probation,Level 3,31,44,92.6,44.4,94.5,19.1,,,,,,,,,,,,472,,1
609993,Agustin Lara Elementary Academy,ES,Not on Probation,Level 1,44,53,95.5,10.4,95.8,42.9,25,,,,,,,,,,,556,,0
609894,John B Drake Elementary School,ES,Probation,Level 3,20,50,93.8,43.3,95.9,,,,,,,,,,,,,249,,1
610002,Thomas Hoyne Elementary School,ES,Not on Probation,Level 1,66,,94.8,0,95.4,,,,,,,,,,,,,288,,0
609981,Phobe Apperson Hearst Elementary School,ES,Probation,Level 3,,45,92.1,25.5,95.8,,,,,,,,,,,,,364,,1
609791,Perkins Bass Elementary School,ES,Probation,Level 3,50,47,92.1,28.9,96.4,,,,,,,,,,,,,369,,1
609766,Jacqueline B Vaughn Occupational High School,HS,Not Applicable,Not Enough Data,72,63,87.6,3.7,95.5,,,,,,,,,,55.6,65.3,,203,,0
609897,Charles W Earle Elementary School,ES,Probation,Level 2,,53,93.8,16.9,94.6,,,,,,,,,,,,,331,,1
609800,Frank I Bennett Elementary School,ES,Probation,Level 3,46,47,92.5,6.5,95.9,,,,,,,,,,,,,504,,1
609836,Arthur E Canty Elementary School,ES,Not on Probation,Level 1,64,66,96.1,2.3,96.1,29.8,100,,,,,,,,,,,784,,0
609943,Samuel Gompers Fine Arts Options Elementary School,ES,Not on Probation,Level 2,42,49,93.6,54.2,96,,,,,,,,,,,,,285,,0
609976,Stephen K Hayt Elementary School,ES,Not on Probation,Level 1,61,,95.6,55.6,96,,,,,,,,,,,,,1000,,0
609988,Patrick Henry Elementary School,ES,Not on Probation,Level 1,56,52,95.1,4.3,95.9,,,,,,,,,,,,,650,,0
609755,Whitney M Young Magnet High School,HS,Not on Probation,Level 1,80,53,94.6,1.2,94.9,56.3,89.2,20.8,21,22.6,22.8,26.6,2,4,89,93.9,88.3,2166,96.7,0
610153,William H Ryder Math & Science Specialty Elementary School,ES,Probation,Level 3,,,93,22.5,94.3,27.5,,,,,,,,,,,,302,,1
609935,Matthew Gallistel Elementary Language Academy,ES,Not on Probation,Level 2,45,50,95.1,5.9,96.3,,,,,,,,,,,,,1408,,0
610217,James Ward Elementary School,ES,Not on Probation,Level 1,65,48,97.8,1.3,96.9,43.6,50,,,,,,,,,,,492,,0
610068,Hanson Park Elementary School,ES,Not on Probation,Level 2,,50,95,24.4,94.9,14,88.2,,,,,,,,,,,1499,,0
610357,Spry Community Links High School,HS,Not on Probation,Level 2,,56,95.6,9.7,95.7,,,14.3,14.6,15.5,15.9,16.9,1.6,1.4,35,73.7,65.2,205,92.8,0
609751,Dr  Martin Luther King  Jr  College Prep High School,HS,Not on Probation,Level 1,,56,92.9,4.4,96.3,,,17.4,17.7,17.7,18.1,20.5,0.7,2.8,31.9,75.4,85.1,915,91.1,0
610363,Walt Disney Magnet Elementary School,ES,Not on Probation,Level 1,,,96.4,7.7,96.4,20,74.1,,,,,,,,,,,1651,,0
610156,Louis Armstrong Math & Science Elementary School,ES,Probation,Level 3,,59,92.6,83.4,97.9,,,,,,,,,,,,,93,,1
610246,Edward Beasley Elementary Magnet Academic Center,ES,Not on Probation,Level 1,,42,95,10.3,94.7,38.6,76.8,,,,,,,,,,,1365,,0
610544,Mariano Azuela Elementary School,ES,Not on Probation,Not Enough Data,96,47,95.5,19.7,0,,,,,,,,,,,,,873,,0
609678,William Jones College Preparatory High School,HS,Not on Probation,Level 1,,,93.8,4.5,95.3,,,19.6,20.3,21.3,21.1,24.8,1.5,3.5,83.3,90.1,86.9,871,92.8,0
610045,Robert H Lawrence Elementary School,ES,Probation,Level 3,29,,90.7,14,95.3,,,,,,,,,,,,,371,,1
609845,George Washington Carver Primary School,ES,Probation,Level 3,,52,90.9,15.6,94.7,,,,,,,,,,,,,546,,1
609916,Enrico Fermi Elementary School,ES,Probation,Level 3,42,,89.9,101.2,95.4,,,,,,,,,,,,,238,,1
610290,Benjamin E Mays Elementary Academy,ES,Not on Probation,Level 2,23,,95.5,0.3,96.6,,,,,,,,,,,,,301,,0
610032,Wendell E Green Elementary School,ES,Not on Probation,Level 1,,53,93.9,20.1,95.7,,,,,,,,,,,,,254,,0
610097,William P Nixon Elementary School,ES,Not on Probation,Level 2,,46,95.6,3.5,95.8,,,,,,,,,,,,,1061,,0
609839,Carroll-Rosenwald Specialty Elementary School,ES,Not on Probation,Level 2,,48,94.8,27.8,95.6,10.3,,,,,,,,,,,,537,,0
609775,John P Altgeld Elementary School,ES,Probation,Level 3,37,46,91.9,32.9,95.5,,,,,,,,,,,,,527,,1
610334,Al Raby High School,HS,Probation,Level 3,,,80.3,14,95.1,,,12.8,13,14.1,14,15.2,1.2,1.1,13.5,72.2,64.2,551,74.3,1
609975,John Hay Elementary Community Academy,ES,Probation,Level 2,,52,92.9,30.8,97.1,10.5,,,,,,,,,,,,554,,1
609918,Eugene Field Elementary School,ES,Not on Probation,Level 2,33,44,96.8,10,96.7,45.6,20,,,,,,,,,,,375,,0
610201,Ole A Thorp Elementary Scholastic Academy,ES,Not on Probation,Level 1,61,50,96.4,25.8,95.8,33.7,100,,,,,,,,,,,834,,0
609873,Crown Community Academy of Fine Arts Center Elementary School,ES,Probation,Level 2,39,49,92.5,100.5,96.7,13.3,,,,,,,,,,,,298,,1
610520,LaSalle II Magnet Elementary School,ES,Not on Probation,Level 1,81,55,95.1,5.6,94.8,,,,,,,,,,,,,609,,0
609762,Percy L Julian High School,HS,Probation,Level 3,50,,74.6,33.4,94.2,,,13.1,12.8,14.2,13.9,14.8,0.8,0.6,8.3,60.3,54.9,1226,65.3,1
610173,Jesse Sherwood Elementary School,ES,Probation,Level 2,,51,92,3.9,95.5,43.1,71.4,,,,,,,,,,,355,,1
610015,Joseph Jungman Elementary School,ES,Probation,Level 2,34,48,96.4,5.3,96.3,,,,,,,,,,,,,286,,1
610150,Betsy Ross Elementary School,ES,Probation,Level 3,,37,88.9,64.1,93.9,,,,,,,,,,,,,350,,1
610005,Charles Evans Hughes Elementary School,ES,Probation,Level 3,,,94.4,0,94.7,,,,,,,,,,,,,315,,1
610202,George W Tilton Elementary School,ES,Probation,Level 3,25,51,91.4,65.5,95.1,,,,,,,,,,,,,321,,1
610163,Frederick Stock Elementary School,ES,,,99,69,72.4,0,95.7,,,,,,,,,,,,,260,,0
610072,Garrett A Morgan Elementary School,ES,Probation,Level 3,38,47,92,10,94.8,,,,,,,,,,,,,237,,1
610024,Lazaro Cardenas Elementary School,ES,Not on Probation,Level 1,58,52,96.3,3.2,98.5,,,,,,,,,,,,,654,,0
610135,Portage Park Elementary School,ES,Not on Probation,Level 2,,48,94.2,3.7,95.9,22,66.7,,,,,,,,,,,1139,,0
610098,Alfred Nobel Elementary School,ES,Not on Probation,Level 2,34,48,94.6,24.8,95.2,23.4,44.4,,,,,,,,,,,801,,0
609888,Mary Mapes Dodge Elementary Renaissance Academy,ES,Not on Probation,Level 2,61,56,94.4,12.7,97.1,43.1,19,,,,,,,,,,,434,,0
609987,Thomas A Hendricks Elementary Community Academy,ES,Probation,Level 3,,51,91.2,61.8,95.6,,,,,,,,,,,,,307,,1
610029,Rodolfo Lozano Bilingual & International Center Elementary School,ES,Not on Probation,Level 2,,45,94.8,0.9,96.2,,,,,,,,,,,,,319,,0
610012,Edward Jenner Elementary Academy of the Arts,ES,Probation,Level 3,34,49,88.9,16,94.8,45.8,31.8,,,,,,,,,,,314,,1
610250,Rueben Salazar Elementary Bilingual Center,ES,Not on Probation,Level 2,,52,95.1,44.6,95.8,,,,,,,,,,,,,444,,0
610081,Mark Sheridan Elementary Math & Science Academy,ES,Not on Probation,Level 1,59,55,96.8,1.3,97,50,65.6,,,,,,,,,,,535,,0
610023,William H King Elementary School,ES,Probation,Level 3,,,92.4,17.7,95.1,40.6,7.7,,,,,,,,,,,264,,1
610161,Arna Wendell Bontemps Elementary School,ES,Probation,Level 3,,53,94.2,31.2,95.8,,,,,,,,,,,,,345,,1
609807,Lionel Hampton Fine & Performing Arts Elementary School,ES,Probation,Level 2,,46,95,94.9,96.6,,,,,,,,,,,,,658,,1
610541,Federico Garcia Lorca Elementary School,ES,Not on Probation,Not Enough Data,58,51,96.8,43.8,0,39.4,42.3,,,,,,,,,,,860,,0
609947,Alexander Graham Elementary School,ES,Not on Probation,Level 2,30,48,92.5,27.4,95,45.3,31.8,,,,,,,,,,,476,,0
609996,Charles N Holden Elementary School,ES,Not on Probation,Level 2,44,54,94.9,4.7,96,,,,,,,,,,,,,600,,0
610245,Frederick A Douglass Academy High School,HS,Probation,Level 3,,50,79.2,28,94.7,,,13,12.3,13.8,13.5,14.8,0.5,1,5.1,52.8,39.5,354,77.1,1
610075,Moses Montefiore Special Elementary School,ES,Not Applicable,Level 3,,46,80.4,251.6,93.5,,,,,,,,,,,,,21,,0
610218,Joseph Warren Elementary School,ES,Not on Probation,Level 2,55,46,95,21.6,95.3,,,,,,,,,,,,,328,,0
609769,Ray Graham Training Center High School,HS,Not Applicable,Not Enough Data,82,53,86.3,3.7,94.3,,,,,,,,,,18.8,10.3,,137,,0
609973,Emiliano Zapata Elementary Academy,ES,Not on Probation,Level 2,52,46,96.6,2.8,96.8,20.2,52.9,,,,,,,,,,,988,,0
609921,Telpochcalli Elementary School,ES,Probation,Level 3,48,55,95.4,2.7,94.7,,,,,,,,,,,,,285,,1
609786,Avalon Park Elementary School,ES,Not on Probation,Level 2,24,46,92.1,52.1,96.4,,,,,,,,,,,,,398,,0
610107,James Otis Elementary School,ES,Probation,Level 1,92,54,95.5,3.2,96.5,,,,,,,,,,,,,491,,1
610091,Ronald Brown Elementary Community Academy,ES,Not on Probation,Level 2,26,52,93.8,35.6,96.3,,,,,,,,,,,,,283,,0
610273,Ignance Paderewski Elementary Learning Academy,ES,Probation,Level 3,,46,92.1,20.9,95.2,93.8,,,,,,,,,,,,130,,1
610102,Richard J Oglesby Elementary School,ES,Probation,Level 3,40,46,94.4,25.4,96.9,,,,,,,,,,,,,402,,1
610380,Daniel Hale Williams Prep School of Medicine,HS,Not on Probation,Level 2,,,91.3,5.4,96.7,64.1,25,15,15.1,15.8,15.4,17.5,0.4,1.7,32.7,,,324,90.1,0
610152,Martha Ruggles Elementary School,ES,Probation,Level 2,,48,93.9,30.9,96.7,,,,,,,,,,,,,417,,1
609949,William P Gray Elementary School,ES,Not on Probation,Level 1,,47,95.6,5.9,95.9,46.1,34.9,,,,,,,,,,,1345,,0
610364,William E B Dubois Elementary School,ES,Probation,Level 3,,50,93.3,48.5,94.4,,,,,,,,,,,,,184,,1
609705,Christian Fenger Academy High School,HS,Probation,Level 3,28,,74.4,49.8,95.4,,,12,12.1,12.9,13.3,14,1.3,1.1,11.3,34.8,36.7,688,68.2,1
610160,Songhai Elementary Learning Institute,ES,Probation,Level 3,,46,89.5,84.7,95.4,,,,,,,,,,,,,352,,1
610383,Greater Lawle High School For Social Justice,HS,Probation,Level 3,72,53,87.5,16.4,95.1,,,13.6,14,14.5,14.4,15.7,0.8,1.2,14.9,67,57.4,371,87.4,1
609740,Wells Community Academy High School,HS,Probation,Level 2,49,,74.1,16.9,96.2,,,12.8,12.4,14.2,13.6,14.9,0.8,0.7,7.2,59.3,43.8,633,61.3,1
610396,Tarkington School of Excellence Elementary School,ES,Not on Probation,Level 2,,49,95.9,10.5,96.6,26.1,53.3,,,,,,,,,,,1070,,0
610040,Henry D Lloyd Elementary School,ES,Probation,Level 3,,48,96.2,0,97.2,,,,,,,,,,,,,1334,,1
609704,David G Farragut Career Academy High School,HS,Probation,Level 2,,,86.1,18.6,95.2,,,12.6,12.9,14.4,13.9,16,1.3,1.6,13.4,43.2,31.3,1456,68.6,1
610127,Mary Gage Peterson Elementary School,ES,Not on Probation,Level 1,,51,95.5,10.3,96.7,33.3,83.3,,,,,,,,,,,860,,0
610095,Walter L Newberry Math & Science Academy Elementary School,ES,Not on Probation,Level 1,74,54,95.1,2.1,96.3,,,,,,,,,,,,,558,,0
610000,Julia Ward Howe Elementary School of Excellence,ES,Probation,Level 1,46,57,96,7.7,97.1,,,,,,,,,,,,,576,,1
400018,Austin Business and Entrepreneurship Academy High School,HS,Probation,Level 3,,,76,12.4,0,,,12,12,14.3,12.9,14.4,0.9,0.1,12.2,65.6,51.3,316,,1
609865,Jordan Elementary Community School,ES,Not on Probation,Level 2,31,52,95.6,16.4,95.1,37.7,23.1,,,,,,,,,,,753,,0
609869,Anna R. Langford Community Academy,ES,Probation,Level 2,31,53,91.8,29,95.4,,,,,,,,,,,,,339,,1
610093,Jane A Neil Elementary School,ES,Probation,Level 3,41,52,88.9,5,94.6,,,,,,,,,,,,,306,,1
610258,Florence B Price Elementary School,ES,Probation,Level 3,,46,90,156.6,95.2,,,,,,,,,,,,,112,,1
610197,Mancel Talcott Elementary School,ES,Not on Probation,Level 1,58,51,95.8,3.2,96.9,37.3,57.9,,,,,,,,,,,580,,0
609806,Myra Bradwell Communications Arts & Sciences Elementary School,ES,Probation,Level 3,35,49,92.1,75.9,96.4,,,11.5,,,,,,,,,,775,,1
610196,George B Swift Elementary Specialty School,ES,Not on Probation,Level 2,53,49,96.3,6,95.8,,,,,,,,,,,,,709,,0
610317,Brighton Park Elementary School,ES,Not on Probation,Level 1,,,96.3,2.6,95.9,,,,,,,,,,,,,691,,0
610188,Dunne Technology Academy,ES,Not on Probation,Level 1,53,49,94.6,22.8,96.4,,,,,,,,,,,,,310,,0
609792,Newton Bateman Elementary School,ES,Not on Probation,Level 2,36,52,96.2,0.2,96.7,27.4,67.7,,,,,,,,,,,1015,,0
610144,Frank W Reilly Elementary School,ES,Probation,Level 2,,48,97,8.7,96.7,22.5,69,,,,,,,,,,,1195,,1
610235,Ella Flagg Young Elementary School,ES,Not on Probation,Level 2,,44,94.3,3,95.4,,,,,,,,,,,,,1111,,0
610329,Orozco Fine Arts & Sciences Elementary School,ES,Not on Probation,Level 1,,50,97.6,1.4,96.4,,,,,,,,,,,,,636,,0
610320,Ana Roque de Duprey Elementary School,ES,Probation,Level 2,,53,95.4,77.5,95.6,,,,,,,,,,,,,114,,1
610524,Alcott High School for the Humanities,HS,Not on Probation,Not Enough Data,,57,92.7,7.1,96.9,,,14.7,13.7,,16,,1.3,,,,,232,87.6,0
609875,Charles R Darwin Elementary School,ES,Not on Probation,Level 2,40,49,95.6,33.8,96.2,21,50,,,,,,,,,,,622,,0
609710,John M Harlan Community Academy High School,HS,Probation,Level 3,,,81.2,21.6,94.4,100,40,13.2,12.9,14.1,13.7,14.7,0.5,0.6,5.9,47.9,55.7,1245,64.4,1
609901,Edgebrook Elementary School,ES,Not on Probation,Level 1,99,56,96.9,3.4,96.6,83.3,64,,,,,,,,,,,468,,0
609827,Burnside Elementary Scholastic Academy,ES,Probation,Level 2,,48,94.9,8.9,94.9,20.9,,,,,,,,,,,,766,,1
609832,Michael M Byrne Elementary School,ES,Probation,Level 3,61,49,94.6,51.8,95.8,19.3,56.3,,,,,,,,,,,705,,1
609983,James Hedges Elementary School,ES,Not on Probation,Level 2,,41,95.4,48.8,96.5,16.5,61.5,,,,,,,,,,,845,,0
610145,Peter A Reinberg Elementary School,ES,Not on Probation,Level 1,51,47,95.8,8.2,95.7,25,80.8,,,,,,,,,,,832,,0
609895,Turner-Drew Elementary Language Academy,ES,Not on Probation,Level 1,56,,95.8,24,95.2,,,,,,,,,,,,,373,,0
609726,Gwendolyn Brooks College Preparatory Academy High School,HS,Not on Probation,Level 1,,47,87.1,0.1,95.2,,,18,18.2,18.7,18.7,21.5,0.7,2.8,51.1,88.1,87.9,783,90.3,0
610283,Simon Guggenheim Elementary School,ES,Probation,Level 3,,48,90.9,29.5,93.1,,,,,,,,,,,,,291,,1
609893,John C Dore Elementary School,ES,Not on Probation,Level 1,67,58,95.6,10.8,96.7,,,,,,,,,,,,,590,,0
610108,Luke O'Toole Elementary School,ES,Probation,Level 3,,45,89.2,26.7,94.6,,,,,,,,,,,,,511,,1
610167,William H Seward Communication Arts Academy Elementary School,ES,Not on Probation,Level 2,43,49,95.7,14.4,95.7,43.3,46.4,,,,,,,,,,,896,,0
610101,William B Ogden Elementary School,ES,Not on Probation,Level 2,,,95.1,4.5,97,,,,,,,,,,,,,722,,0
610340,Chicago Academy High School,HS,Not on Probation,Level 2,35,,93.1,6.3,96.1,,,14.6,14.4,16.3,16.1,18.4,1.5,2.1,23.9,70.1,64.2,502,80.6,0
609985,Helen M Hefferan Elementary School,ES,Not on Probation,Level 2,39,51,93.8,13.4,95.9,,,,,,,,,,,,,259,,0
610126,John J Pershing Elementary Humanities Magnet,ES,Not on Probation,Level 1,90,,95.5,19.2,96.7,,,,,,,,,,,,,258,,0
609874,Everett McKinley Dirksen Elementary School,ES,Not on Probation,Level 1,,,95.9,2.7,96.2,6.2,,,,,,,,,,,,786,,0
609937,John W Garvy Elementary School,ES,Not on Probation,Level 1,70,56,95.3,10.2,96.5,44.6,45.5,,,,,,,,,,,720,,0
609903,Richard Edwards Elementary School,ES,Not on Probation,Level 2,48,49,95.3,10.3,96.8,,,,,,,,,,,,,1503,,0
610019,Joshua D Kershaw Elementary School,ES,Not on Probation,Level 2,63,58,94.8,8.2,96,,,,,,,,,,,,,262,,0
609744,Northside Learning Center High School,HS,Not Applicable,Not Enough Data,99,62,89.8,5.3,95.6,,,,,,,,,,66.7,0,,298,,0
610268,Arthur R Ashe Elementary School,ES,Probation,Level 3,,39,87.9,41.6,93.4,,,,,,,,,,,,,459,,1
609939,Frank L Gillespie Elementary School,ES,Probation,Level 2,,,91.9,2.1,96.3,,,,,,,,,,,,,609,,1
609932,Jesse Owens Elementary Community Academy,ES,Not on Probation,Level 2,,51,91.3,4.9,93.5,,,,,,,,,,,,,340,,0
610203,Enrico Tonti Elementary School,ES,Not on Probation,Level 2,44,49,95.8,2.1,97.2,,,,,,,,,,,,,1021,,0
609951,Ariel Elementary Community Academy,ES,Not on Probation,Level 2,,51,95.5,5.4,96,35,28.6,,,,,,,,,,,550,,0
610175,Beulah Shoesmith Elementary School,ES,Probation,Level 2,54,49,94.7,0.3,94.8,,,,,,,,,,,,,325,,1
609810,Norman A Bridge Elementary School,ES,Not on Probation,Level 2,,51,95.6,6.6,96.6,,,,,,,,,,,,,1004,,0
610048,George Manierre Elementary School,ES,Probation,Level 3,,42,91,44,94.8,,,,,,,,,,,,,396,,1
610293,Genevieve Melody Elementary School,ES,Probation,Level 3,,,92.1,26,96,,,,,,,,,,,,,315,,1
610131,Ambrose Plamondon Elementary School,ES,Not on Probation,Level 2,,45,96.9,0.6,96.6,,,,,,,,,,,,,171,,0
610059,Oscar F Mayer Elementary School,ES,Not on Probation,Level 2,,,95,11.4,95.2,,,,,,,,,,,,,605,,0
609959,John Charles Haines Elementary School,ES,Not on Probation,Level 1,47,43,98.4,0.3,96.2,25.9,93.1,,,,,,,,,,,664,,0
610240,Matthew A Henson Elementary School,ES,Probation,Level 3,,55,90.9,13.2,95.7,,,,,,,,,,,,,271,,1
609977,Woodlawn Community Elementary School,ES,Not on Probation,Level 2,,59,93.9,12.4,94.3,,,,,,,,,,,,,238,,0
610313,Jose De Diego Elementary Community Academy,ES,Probation,Level 3,53,53,95,29,96.8,49.2,23,,,,,,,,,,,869,,1
610124,Harold Washington Elementary School,ES,Not on Probation,Level 2,,47,96.1,3.1,96.2,,,,,,,,,,,,,549,,0
610033,LaSalle Elementary Language Academy,ES,Not on Probation,Level 1,79,53,96.8,7,97.6,,,,,,,,,,,,,576,,0
609859,DeWitt Clinton Elementary School,ES,Not on Probation,Level 1,41,,95.3,14.8,95.4,23.6,46.7,,,,,,,,,,,1139,,0
610256,Jackie Robinson Elementary School,ES,Probation,Level 3,,45,90.5,47.9,93.8,,,,,,,,,,,,,140,,1
609912,James B Farnsworth Elementary School,ES,Not on Probation,Level 2,62,55,94.2,1.7,95.6,,,,,,,,,,,,,574,,0
610513,Air Force Academy High School,HS,Not on Probation,Not Enough Data,60,53,93.3,15.6,96.9,,,14.6,14.8,,16,,1.4,,,,,302,91.8,0
610111,John Palmer Elementary School,ES,Not on Probation,Level 2,,65,96.3,12.8,94.8,26.5,74.2,,,,,,,,,,,919,,0
609909,Edward Everett Elementary School,ES,Not on Probation,Level 2,66,,95.3,2.4,97.7,,,,,,,,,,,,,321,,0
610195,Elizabeth H Sutherland Elementary School,ES,Not on Probation,Level 2,,50,95.6,6.8,96.2,,,,,,,,,,,,,762,,0
609774,Louisa May Alcott Elementary School,ES,Not on Probation,Level 1,66,60,96.6,3.7,97.1,50,73.9,,,,,,,,,,,481,,0
610295,Thomas J Higgins Elementary Community Academy,ES,Not on Probation,Level 1,,49,95.2,0.5,95.2,,,,,,,,,,,,,369,,0
610089,John B Murphy Elementary School,ES,Not on Probation,Level 1,,58,95.6,1.9,96.3,,,,,,,,,,,,,638,,0
610502,Marine Military Math and Science Academy ,HS,Not on Probation,Level 2,49,54,91.3,4.5,95.3,,,14,15,15.9,15.3,17.7,1.3,1.8,37.7,,,366,86.3,0
610194,Charles Sumner  Math & Science Community Acad Elementary School,ES,Probation,Level 3,27,48,93.9,12.3,96.9,48.9,23.8,,,,,,,,,,,430,,1
610219,George Washington Elementary School,ES,Not on Probation,Level 1,61,52,95.5,5.6,95.9,36.8,25,,,,,,,,,,,813,,0
610090,Phillip Murray Elementary Language Academy,ES,Not on Probation,Level 2,,56,95.6,3.5,95.9,,,,,,,,,,,,,533,,0
610155,Sauganash Elementary School,ES,Not on Probation,Level 1,,,96.3,1.5,95.4,35.7,78.9,,,,,,,,,,,549,,0
610323,New Millennium High School of Health at Bowen,HS,Probation,Level 3,23,,75.6,61.8,94.7,,,12.1,12.3,13.9,13.2,14.7,1.1,0.8,16.7,67.2,52.4,701,62.1,1
610230,Wildwood Elementary School,ES,Not on Probation,Level 1,90,55,96.2,1,95.7,22.8,84.6,,,,,,,,,,,414,,0
609781,Crispus Attucks Elementary School,ES,Probation,Level 3,76,,95.2,12.5,93.5,,,,,,,,,,,,,274,,1
609964,John H Hamline Elementary School,ES,Not on Probation,Level 2,24,44,94.4,7.5,95.7,,,,,,,,,,,,,679,,0
610300,Oliver S Westcott Elementary School,ES,Probation,Level 2,41,46,92.6,31.5,94.8,,,,,,,,,,,,,413,,1
609876,Nathan S Davis Elementary School,ES,Not on Probation,Level 1,,48,95.1,2.4,95.9,,,,,,,,,,,,,1032,,0
609733,Roger C Sullivan High School,HS,Probation,Level 3,44,44,81.6,14.7,95.8,,,12.6,13.2,13.8,13.5,15.4,0.9,1.6,14.8,39.3,52.1,826,68.6,1
609907,Leif Ericson Elementary Scholastic Academy,ES,Probation,Level 2,,45,94.7,20.8,95.1,51.1,4.2,,,,,,,,,,,518,,1
610003,Paul Cuffe Math-Science Technology Academy Elementary School,ES,Probation,Level 3,60,48,93.6,46.9,95.4,28.8,21.1,,,,,,,,,,,512,,1
610100,West Park Elementary Academy,ES,Probation,Level 3,,46,93.7,16.3,96.7,,,,,,,,,,,,,686,,1
609956,Robert L Grimes Elementary School,ES,Not on Probation,Level 1,64,53,95.2,5,95.6,,,,,,,,,,,,,486,,0
610315,Edward White Elementary Career Academy,ES,Probation,Level 2,,51,93.8,31,96.7,,,,,,,,,,,,,138,,1
610265,Benjamin Banneker Elementary School,ES,Probation,Level 3,,,91.3,26.9,93.9,,,,,,,,,,,,,302,,1
610028,Alfred David Kohn Elementary School,ES,Probation,Level 3,26,47,90.1,31.2,94.2,,,,,,,,,,,,,428,,1
610067,Francis M McKay Elementary School,ES,Probation,Level 3,48,48,93.5,9.1,95.1,,,,,,,,,,,,,891,,1
609920,Gerald Delgado Kanoon Elementary Magnet School,ES,Probation,Level 3,37,47,95.9,3.3,95.6,21.6,45.5,,,,,,,,,,,713,,1
609879,Charles Gates Dawes Elementary School,ES,Not on Probation,Level 2,38,50,95.7,35.6,95.6,,,,,,,,,,,,,1032,,0
610238,Carrie Jacobs Bond Elementary School,ES,Probation,Level 2,49,53,91.7,18.8,94.3,,,,,,,,,,,,,343,,1
610010,Friedrich Ludwig Jahn Elementary School,ES,Not on Probation,Level 2,,50,94.7,19.9,94.7,,,,,,,,,,,,,495,,0
609718,John F Kennedy High School,HS,Probation,Level 3,30,,83,22,94.7,,,14.8,14.1,15.1,15.6,16.4,0.8,1.3,24.4,53.3,52.9,1589,59.7,1
610138,Pulaski International Academy Elmentary School,ES,Not on Probation,Level 1,45,47,96.1,1.7,96.2,37.3,53.3,,,,,,,,,,,864,,0
609794,Thomas A Edison Regional Gifted Center Elementary School,ES,Not on Probation,Level 1,,55,96.6,1.9,96.3,31.8,78.6,,,,,,,,,,,269,,0
610046,Mary Lyon Elementary School,ES,Not on Probation,Level 2,,45,95.9,3.7,97,24.3,100,,,,,,,,,,,1423,,0
610347,Claremont Academy Elementary School,ES,Probation,Level 2,33,46,92.5,64.2,96.2,,,,,,,,,,,,,531,,1
610533,Dr Jorge Prieto Math and Science,ES,Not on Probation,Not Enough Data,,52,94.7,7,96.9,17.5,52.9,,,,,,,,,,,1001,,0
610213,James Wadsworth Elementary School,ES,Probation,Level 3,,47,92.2,8,95.5,,,,,,,,,,,,,277,,1
610058,Horatio May Elementary Community Academy,ES,Probation,Level 3,,,91.9,40,96.4,,,,,,,,,,,,,458,,1
609716,Kelvyn Park High School,HS,Probation,Level 3,28,,74.4,12.9,94.5,,,12.8,12.2,13.8,13.8,14.9,1,1.1,16.7,54.1,35,1252,56.9,1
610183,Spencer Technology Academy,ES,Not on Probation,Level 2,50,50,92.5,24.1,96,,,,,,,,,,,,,811,,0
609834,Little Village Elementary School,ES,Not on Probation,Level 1,43,47,96.7,3.2,96.7,30.9,66.7,,,,,,,,,,,842,,0
609815,Edward A Bouchet Math & Science Academy Elementary School,ES,Probation,Level 3,57,50,92.9,28,95.9,,,,,,,,,,,,,783,,1
610027,Rudyard Kipling Elementary School,ES,Not on Probation,Level 2,,53,94.7,23.4,96,16,,,,,,,,,,,,445,,0
610128,Marcus Moziah Garvey Elementary School,ES,Not on Probation,Level 2,,49,94,20.5,96,30.8,69.2,,,,,,,,,,,356,,0
609753,Chicago High School for Agricultural Sciences,HS,Not on Probation,Level 1,77,52,92.8,5.2,95.2,,,16.1,16.5,16.9,17.4,20.4,1.3,3.5,30.7,70.7,79.6,579,88.1,0
610041,Josephine C Locke Elementary School,ES,Not on Probation,Level 1,47,47,95.5,2.2,95.1,23.9,45.5,,,,,,,,,,,1317,,0
609812,William H Brown Elementary School,ES,Probation,Level 2,73,46,92.8,59,94.7,,,,,,,,,,,,,217,,1
610122,Helen Peirce International Studies Elementary School,ES,Not on Probation,Level 2,,47,96.7,5.8,95.8,100,5.7,,,,,,,,,,,977,,0
609724,Stephen T Mather High School,HS,Not on Probation,Level 2,44,,87.6,7.6,96.5,,,14.5,14.4,15,15.4,15.9,0.9,0.9,24.6,56.2,57.4,1657,59,0
610297,High School of Leadership at South Shore,HS,Probation,Level 3,30,42,72,43.4,95.2,,,11.7,11.7,13.1,13.1,14.4,1.4,1.3,12.2,36.6,68.8,731,48.8,1
610506,TEAM Englewood Community Academy High School,HS,Probation,Level 2,48,58,87.3,8.2,96.5,,,12,12.4,14.3,13.3,15.3,1.3,1,7.9,,,440,77.4,1
610350,Robert A Black Magnet Elementary School,ES,Not on Probation,Level 1,,55,96,0.4,93.7,20.4,36.4,,,,,,,,,,,474,,0
610154,Martin A Ryerson Elementary School,ES,Not on Probation,Level 1,32,45,95.5,95.1,96.8,,,,,,,,,,,,,445,,0
610384,Infinity Math Science and Technology High School,HS,Not on Probation,Level 2,,51,92.2,7.5,96,,,14.1,15,14.8,15.1,17.2,1,2.4,29,84.4,55.7,388,98.1,0
609870,Daniel J Corkery Elementary School,ES,Not on Probation,Level 2,,,94.7,18.1,97.2,,,,,,,,,,,,,631,,0
